news,18
massive,2
traffic,2
jam,1
on,1
all,4
bridges,1
after,3
accident,1
new,10
tram,1
line,3
extended,1
to,5
wilanów,1
district,2
event,10
dawid,1
podsiadło,1
arena,1
tour,2
private,11
ad,11
selling,4
almost,4
iphone,4
pro,4
black,3
actual,11
days,8
left,8
room,2
for,2
rent,2
in,9
city,2
single,2
person,2
only,1
winter,2
tires,1
used,1
one,1
season,1
today,1
record,1
low,1
temperatures,1
expected,1
next,1
week,1
sony,1
playstation,1
with,1
games,1
like,1
free,2
museum,1
day,1
this,2
sunday,1
national,1
museums,1
taco,1
hemingway,1
pge,1
narodowy,1
support,1
show,1
leonardo,2
vs,2
michał,2
renaissance,2
genius,2
exhibition,2
breaks,2
attendance,2
records,2
at,3
art,2
box,2
poland,6
exits,5
international,5
landmine,5
convention,5
border,6
mining,5
capability,5
preparation,5
it's,1
indie,4
night,4
special,4
dumplings,1
cooking,1
workshop,1
english,1
old,1
town,1
expired,2
metro,1
extension,1
reaches,1
służewiec,1
business,1
yumi,1
zouma,1
live,1
hydrozagadka,1
ikea,1
brimnes,1
wardrobe,1
white,1
barely,1
perfect,1
condition,2
activates,1
highest,1
air,1
defence,1
alert,1
overnight,1
missile,1
activity,1
near,1
eastern,1
tu,3
mountain,1
bike,1
rockrider,1
st,1
size,1
very,1
good,1
chaos,1
bridge,1
collapse,1
scare,1
rail,1
opens,1
between,1
berlin,1
and,1
prague,1
entry,1
louvre,1
exhibitions,1
weekend,1
desert,1
titanium,1
no,1
pets,1
taylor,1
swift,1
the,1
eras,1
final,1
european,1
dates,1
paris,1
introduces,1
zones,1
arrondissements,1
rolex,1
submariner,1
date,1
full,2
model,1
tomorrowland,1
moon,1
edition,1
alpe,1
